barcode,brats,grade,gdc_file,gdc_size
TCGA-02-0006,BraTS20_Training_158,HGG,aa05ed93-5091-4a06-9d51-4564d5b7b603,625970929
TCGA-02-0009,BraTS20_Training_159,HGG,6920c77a-2b3a-44b2-bc98-4d0960a36627,475996287
TCGA-02-0011,BraTS20_Training_160,HGG,5e00fe77-1758-4d0f-b9fc-6cf20c9d09a5,1348310508
TCGA-02-0033,BraTS20_Training_162,HGG,c04e597a-03db-4a93-93e9-cc74a4716e49,839823447
TCGA-02-0037,BraTS20_Training_164,HGG,b0f4d208-e2d7-4b49-b6e3-08211470b9da,675633457
TCGA-02-0054,BraTS20_Training_167,HGG,b69740d1-00d9-4d0e-bd31-b1c7ea297979,1227470106
TCGA-02-0068,BraTS20_Training_170,HGG,44e4df37-e252-495f-b4ff-362134febe52,865699956
TCGA-02-0075,BraTS20_Training_173,HGG,71b88c9a-e40b-41f8-ab1c-f45ddc638c7b,1370940676
TCGA-02-0085,BraTS20_Training_174,HGG,e57f16ea-b9b1-48ed-8997-65dd1dae86a7,578018635
TCGA-06-0122,BraTS20_Training_181,HGG,57c5ed92-72ad-44ff-8a00-6cb09a6694aa,88678145
TCGA-06-0130,BraTS20_Training_182,HGG,3188036e-674b-4699-9e6e-a23ee9ea7bed,22254773
TCGA-06-0137,BraTS20_Training_183,HGG,edbd8c1b-b823-4cd9-ad18-425d244f2c8a,69054185
TCGA-06-0138,BraTS20_Training_184,HGG,3d4ed887-9d54-42c9-9207-f173edd2ee4e,109813807
TCGA-06-0139,BraTS20_Training_185,HGG,aff76c1c-dc67-49b9-912d-729ef7ba6606,169560935
TCGA-06-0145,BraTS20_Training_187,HGG,50c13595-bbe9-460c-bc25-94ae09c89784,89597351
TCGA-06-0154,BraTS20_Training_189,HGG,f533b482-8c1a-40af-ac90-fffce18ba656,133507941
TCGA-06-0158,BraTS20_Training_190,HGG,8e70b383-1cad-4c15-a075-b1e47b102649,60088407
TCGA-06-0176,BraTS20_Training_193,HGG,7e28caae-49a3-4202-a0dc-f5f54327a1b8,41859209
TCGA-06-0184,BraTS20_Training_197,HGG,fae7ddba-f179-4a70-acba-0b731529f773,396297617
TCGA-06-0185,BraTS20_Training_198,HGG,498ec8cf-92e5-4232-b2b8-82e681b9245c,528182641
TCGA-06-0187,BraTS20_Training_199,HGG,4fcbf005-1aa7-401f-94f5-05451618df93,97097609
TCGA-06-0188,BraTS20_Training_200,HGG,0c77bbba-6f85-47b3-8fd2-4c8c14f63c0d,179094089
TCGA-06-0190,BraTS20_Training_201,HGG,6b40e885-cfe3-4187-9eec-f6685cff4f2f,361822933
TCGA-06-0192,BraTS20_Training_202,HGG,9b9be529-143c-4128-aee6-5ba7e530413a,873371629
TCGA-06-0238,BraTS20_Training_203,HGG,2f2383b8-f09e-4268-9399-9013b13d3e73,29993051
TCGA-06-0644,BraTS20_Training_205,HGG,6e8a799b-32e6-4073-98c9-d18196dbc639,35120349
TCGA-06-0646,BraTS20_Training_206,HGG,72cf72f8-e649-4bc0-bfa9-2428da065348,559404205
TCGA-06-1084,BraTS20_Training_207,HGG,b36928ec-0927-42b5-9fff-db4535c5376c,37355641
TCGA-06-1802,BraTS20_Training_208,HGG,de2a07ba-694f-44e0-8de5-297d8fbfb446,50896717
TCGA-06-5408,BraTS20_Training_210,HGG,15a18296-f28b-4e1c-94c1-67e16f24ccb3,126556085
TCGA-06-5413,BraTS20_Training_211,HGG,ed08265b-1bc6-4ec9-baf0-07d6e8674f0a,181322687
TCGA-06-5417,BraTS20_Training_212,HGG,cf9c2d60-3176-48a8-885f-8d680ef37ca3,139645355
TCGA-06-6389,BraTS20_Training_213,HGG,84e6a3e6-8706-4f78-aa96-8fa6419df116,363599779
TCGA-08-0355,BraTS20_Training_214,HGG,9ee85f8e-0809-4562-97ae-f988da90c8b0,861166531
TCGA-08-0356,BraTS20_Training_215,HGG,d2a50aab-d92c-4e2a-bcdc-d173bf722f22,1315127981
TCGA-08-0360,BraTS20_Training_217,HGG,3c0d3434-f7d5-415d-93f6-a8505aa8fa1a,777231825
TCGA-08-0389,BraTS20_Training_219,HGG,5baddc65-9183-40a4-babf-f5176130cd22,1011094155
TCGA-08-0390,BraTS20_Training_220,HGG,752c8762-352d-418b-a4cd-d0175332082d,968374279
TCGA-08-0392,BraTS20_Training_221,HGG,92cc7786-0285-42fa-aeff-e014e515b183,1538721191
TCGA-08-0509,BraTS20_Training_222,HGG,64470394-d70a-48ab-9a2f-f407fc8224d2,40911179
TCGA-08-0512,BraTS20_Training_223,HGG,ea8d7037-3f04-45b6-8b0b-fed3636939df,129156971
TCGA-08-0520,BraTS20_Training_224,HGG,70b2adae-cba0-47d6-8b98-5bdcef82421d,342052317
TCGA-08-0522,BraTS20_Training_225,HGG,2be84a20-b9e6-432d-8150-ebb727eb7076,114071473
TCGA-12-0616,BraTS20_Training_226,HGG,3166831f-9ac4-463f-9ab5-0a5aba8d29a9,41552019
TCGA-12-0776,BraTS20_Training_227,HGG,58b254ae-5739-42c2-b99f-07ec9f4467b5,27332085
TCGA-12-0829,BraTS20_Training_228,HGG,8a03e05a-1bd9-4a80-a621-bda3305ea36a,120304000
TCGA-12-1094,BraTS20_Training_229,HGG,c93603fb-aa89-4862-97d8-4219b88f17ed,115359924
TCGA-12-1098,BraTS20_Training_230,HGG,6acc54af-f61c-40c6-b9d7-b18be9334952,215835874
TCGA-12-1598,BraTS20_Training_231,HGG,b6999b76-c6fd-414e-b6e0-e3895bac24f4,138140992
TCGA-12-3650,BraTS20_Training_233,HGG,e1ec8381-69bd-4e71-82a2-28dba93b4af6,120933096
TCGA-14-1794,BraTS20_Training_235,HGG,0fe3df70-bb79-4701-9554-75ccbbfc86b5,105871807
TCGA-14-1825,BraTS20_Training_236,HGG,43ce8a65-8e10-4fca-9d2e-684a76eb038a,140273329
TCGA-19-0963,BraTS20_Training_238,HGG,d9d42bc2-a6a0-4473-a866-f905e746c02b,166685633
TCGA-19-1789,BraTS20_Training_239,HGG,ea022bca-a2ee-4200-8769-abc8eed320e7,46062397
TCGA-19-2624,BraTS20_Training_240,HGG,6aaba619-a4cd-42f0-b6ff-5e8f8ce6a503,76611735
TCGA-19-2631,BraTS20_Training_241,HGG,4396a66e-fdcf-4166-9152-c96236842654,74350177
TCGA-19-5951,BraTS20_Training_242,HGG,baa0bd9b-d4c4-4c97-8760-594d4f8dbe65,1026728797
TCGA-19-5954,BraTS20_Training_243,HGG,478873a9-f45f-4b29-868d-469932a1f1b4,856215081
TCGA-19-5958,BraTS20_Training_244,HGG,f19ee824-fab9-4a4f-957e-f48fd53b6adc,848176413
TCGA-19-5960,BraTS20_Training_245,HGG,a9f1be46-b64c-455f-a29f-9261f89a7dc5,1384551137
TCGA-CS-4942,BraTS20_Training_271,LGG,aee56ea7-e0ec-40c7-a92b-a73f588368ca,86000543
TCGA-CS-4944,BraTS20_Training_272,LGG,9793f118-8ad5-43e2-b499-71ae3d5841d4,460650901
TCGA-CS-5393,BraTS20_Training_273,LGG,27465606-fe93-4371-9d40-7fd643594d81,457265093
TCGA-CS-5396,BraTS20_Training_274,LGG,9e9ee796-a9c5-437c-b024-de5fef4c20d0,384238839
TCGA-CS-5397,BraTS20_Training_275,LGG,ded45800-cccc-4d12-9e5c-be94a7a42a9b,332575247
TCGA-CS-6186,BraTS20_Training_276,LGG,3670844e-7923-4b0e-b4de-0234936f1f9d,345986073
TCGA-CS-6188,BraTS20_Training_277,LGG,d415206d-35d5-41e7-a2ce-2171d4d14d6d,644630697
TCGA-CS-6665,BraTS20_Training_278,LGG,b072f4db-d24a-41f0-8892-717aa2061960,471801855
TCGA-CS-6666,BraTS20_Training_279,LGG,e14e9f1f-6783-4198-942f-92e131b343b6,832274901
TCGA-CS-6668,BraTS20_Training_280,LGG,0a855250-6575-487c-bd80-262aa806a12e,120652775
TCGA-CS-6669,BraTS20_Training_281,LGG,df542fec-4906-4957-80a7-4fc071387d20,531858919
TCGA-DU-5851,BraTS20_Training_282,LGG,c6ab7809-2703-416c-80ff-dadf39d4d4a7,78780615
TCGA-DU-5854,BraTS20_Training_283,LGG,fb18fb40-902b-4f92-94bc-b6e50fdedcfe,168293097
TCGA-DU-5855,BraTS20_Training_284,LGG,904436b6-0e80-4c1d-a716-b3026f8a9c43,61809551
TCGA-DU-5872,BraTS20_Training_285,LGG,e2e1ddbc-2e9d-4a36-ab57-0bd6614f4a2b,159775507
TCGA-DU-5874,BraTS20_Training_286,LGG,50f45935-cc25-441c-9106-4877b0e90623,213863913
TCGA-DU-6404,BraTS20_Training_287,LGG,1be9c6ff-9eea-4f2f-9c1f-7fcaea022c38,268638821
TCGA-DU-6542,BraTS20_Training_288,LGG,e8c111e7-dc6c-444d-972a-e4660b350620,190356297
TCGA-DU-7008,BraTS20_Training_289,LGG,c32a6c36-451a-4e0b-b7eb-d2b95aa7bf6a,97209838
TCGA-DU-7010,BraTS20_Training_290,LGG,de92f954-19c4-42be-b03b-2dd339dc7ee0,96684906
TCGA-DU-7014,BraTS20_Training_291,LGG,5bebb68c-a1a9-4632-96ee-2f7daf7391b5,145173398
TCGA-DU-7015,BraTS20_Training_292,LGG,50a0fcf3-854f-4589-a0a6-f862a878b533,202119146
TCGA-DU-7018,BraTS20_Training_293,LGG,5a722348-ac27-40e8-a080-0656e5444604,103276870
TCGA-DU-7019,BraTS20_Training_294,LGG,5880f8db-2f9f-471d-9c2b-0931bce4397e,70817352
TCGA-DU-7294,BraTS20_Training_295,LGG,9b36f140-cc02-422d-bbe0-ce6d94fdca77,285927652
TCGA-DU-7298,BraTS20_Training_296,LGG,19d258a6-e66e-44c6-836f-f44dbb718ad2,225598300
TCGA-DU-7299,BraTS20_Training_297,LGG,30b151ce-a62c-4972-80f1-d4933c0a8729,456874812
TCGA-DU-7300,BraTS20_Training_298,LGG,f15b438b-c309-423c-93c8-2a06b3f1a5a1,812660640
TCGA-DU-7301,BraTS20_Training_299,LGG,1b50d533-05ed-4409-817d-a39e74a17c0e,305429970
TCGA-DU-7302,BraTS20_Training_300,LGG,6c6403e4-f3f9-4020-8ac1-bb557c593b06,190211900
TCGA-DU-7304,BraTS20_Training_301,LGG,dff53f7f-5e2f-4d56-93f2-6e8647b69b61,439945816
TCGA-DU-7306,BraTS20_Training_302,LGG,75a2e0a2-b856-49dd-bf51-dba160f7d9a9,483828956
TCGA-DU-7309,BraTS20_Training_303,LGG,a0cef4df-cdbd-4002-af10-967ba42dba73,465754580
TCGA-DU-8162,BraTS20_Training_304,LGG,cd7f9f8e-69ca-4fa2-902a-f02740cd6682,108011933
TCGA-DU-8164,BraTS20_Training_305,LGG,2752c7f7-bf59-4e76-b1fd-dfb5d7f78496,73217643
TCGA-DU-8166,BraTS20_Training_306,LGG,c0042a92-b19e-4f03-a877-ec68f6b24953,43960235
TCGA-DU-8167,BraTS20_Training_307,LGG,f7db4a54-01d5-4a4e-8750-66be4b724695,153190933
TCGA-DU-8168,BraTS20_Training_308,LGG,7f0e0d90-0668-4184-80bc-0240a186b127,210203325
TCGA-DU-A5TR,BraTS20_Training_309,LGG,6dc408ed-ba9f-4958-a88e-6354ad0ee303,113685789
TCGA-DU-A5TS,BraTS20_Training_310,LGG,69d182be-18c2-42b5-b0b2-d6a5f6084f34,100220941
TCGA-DU-A5TT,BraTS20_Training_311,LGG,45e17311-334a-49b1-892c-fcfad3235223,150996789
TCGA-DU-A5TU,BraTS20_Training_312,LGG,8f31c4d1-27d7-428a-a0cc-0d8442085ce9,183610003
TCGA-DU-A5TW,BraTS20_Training_313,LGG,0e992c9a-7a2a-4faf-9347-016640ba2374,219859553
TCGA-DU-A5TY,BraTS20_Training_314,LGG,eee038be-e337-4d80-b1dc-9a4476969c3c,111641809
TCGA-DU-A6S7,BraTS20_Training_315,LGG,cdbeca98-7981-49fb-81fe-7b8c207b6b03,181570889
TCGA-DU-A6S8,BraTS20_Training_316,LGG,0e4ec919-6e07-400c-97a9-e731278f6e1c,148009607
TCGA-FG-5964,BraTS20_Training_317,LGG,bd939408-7751-4647-81c1-15e7070761bf,314694527
TCGA-FG-6689,BraTS20_Training_318,LGG,75a6e914-5b03-485d-9309-098a728082f3,1041358559
TCGA-FG-6691,BraTS20_Training_319,LGG,38b6cc97-4f90-49c9-a12d-17cfb7f25074,787798511
TCGA-FG-6692,BraTS20_Training_320,LGG,0702cf70-dce3-40a2-b560-e769350e2984,122312649
TCGA-FG-7634,BraTS20_Training_321,LGG,131f8fcd-7c4d-4c54-aeee-092d9509983f,152180427
TCGA-HT-7473,BraTS20_Training_323,LGG,8896e5f5-f5ee-4bae-a2ce-d5c97444b2ca,85568481
TCGA-HT-7602,BraTS20_Training_324,LGG,916cbe97-2b4d-47a9-80ff-2049419b16c2,329000049
TCGA-HT-7680,BraTS20_Training_325,LGG,e421e713-229d-46a4-b58b-b9ea39da1dbd,925257041
TCGA-HT-7686,BraTS20_Training_326,LGG,ae648a6b-84c3-4bfa-a194-017c21399f40,365692109
TCGA-HT-7690,BraTS20_Training_327,LGG,a03f9073-0b8e-40fe-85fe-16929967c6c7,602916489
TCGA-HT-7694,BraTS20_Training_328,LGG,896957b4-35ba-4e48-99ca-0ac21520f525,396600327
TCGA-HT-7879,BraTS20_Training_329,LGG,84e551a0-00ae-4a24-a908-4bafedc27c47,304016289
TCGA-HT-7884,BraTS20_Training_330,LGG,e683f773-014e-43d5-9e17-87522a899d8d,124282399
TCGA-HT-8018,BraTS20_Training_331,LGG,fc0bea2d-902e-4736-8472-730036043c51,605782257
TCGA-HT-8114,BraTS20_Training_333,LGG,7f2aad63-653d-4974-9d40-96ae8c618bdd,1158729219
TCGA-HT-8563,BraTS20_Training_334,LGG,8f06d153-be29-4d63-86c9-5a51df5988b4,1747641717
TCGA-HT-A61A,BraTS20_Training_335,LGG,b6e2050f-d8f9-4e5e-b466-290b0da8533c,1111165827
