collection,patient,ct_series,ct_mb,ct_slices,ct_desc,sm_series,sm_mb
cptac_aml,C3L-05386,1.3.6.1.4.1.14519.5.2.1.1427.3349.156333020264108178500615035593,113.759964,195,Sag Chest WO,1.3.6.1.4.1.5962.99.1.126400902.693934912.1640803940742.2.0,7113.578418
cptac_aml,C3L-05387,1.3.6.1.4.1.14519.5.2.1.1427.3349.112299006248001330093944099964,66.260572,112,COR Head WO,1.3.6.1.4.1.5962.99.1.129666134.1625125816.1640807205974.2.0,6484.77816
cptac_aml,C3L-05678,1.3.6.1.4.1.14519.5.2.1.1427.3349.668639344652260712341320191169,98.159682,186,SAGITTAL CHEST,1.3.6.1.4.1.5962.99.1.113985578.743987188.1640791525418.2.0,7966.535386
cptac_ccrcc,C3L-00610,1.3.6.1.4.1.14519.5.2.1.6450.2626.240157728412440477938968449870,395.082054,747,0.625's Axial  soft  (DR 30%),1.3.6.1.4.1.5962.99.1.160068321.665705429.1640837608161.2.0,109.949894
cptac_ccrcc,C3L-00766,1.3.6.1.4.1.14519.5.2.1.6450.2626.247847721340522065417764878893,214.738834,406,ENTEROGRAPHY,1.3.6.1.4.1.5962.99.1.164843214.1905600897.1640842383054.2.0,175.080146
cptac_ccrcc,C3L-00792,1.3.6.1.4.1.14519.5.2.1.6450.2626.161895052440608237205953012046,90.375502,171,2.5,1.3.6.1.4.1.5962.99.1.161812407.1271488809.1640839352247.2.0,90.769282
cptac_ccrcc,C3L-00799,1.3.6.1.4.1.14519.5.2.1.6450.2626.221673640694523370046603649309,113.897584,216,2x2 sagital avg,1.3.6.1.4.1.5962.99.1.162191549.1401474747.1640839731389.2.0,158.382626
cptac_ccrcc,C3L-00812,1.3.6.1.4.1.14519.5.2.1.6450.2626.253001657330996586130382409917,468.070682,885,Nephrographic 80/60,1.3.6.1.4.1.5962.99.1.152811298.395783038.1640830351138.2.0,196.472884
cptac_ccrcc,C3L-00815,1.3.6.1.4.1.14519.5.2.1.6450.2626.731146207870088227735439657942,387.944906,734,Recon 2: HELICAL 5's,1.3.6.1.4.1.5962.99.1.154355614.304768843.1640831895454.2.0,75.32225
cptac_ccrcc,C3L-00817,1.3.6.1.4.1.14519.5.2.1.6450.2626.338163180030741540226478781294,119.172088,226,2 x 2 sag,1.3.6.1.4.1.5962.99.1.156437643.1017024027.1640833977483.2.0,89.949334
cptac_ccrcc,C3L-01034,1.3.6.1.4.1.14519.5.2.1.2692.1975.150408586611782069290121669635,47.560256,90,None,1.3.6.1.4.1.5962.99.1.156692714.521821792.1640834232554.2.0,409.318936
cptac_ccrcc,C3L-01352,1.3.6.1.4.1.14519.5.2.1.2857.3304.244060230648202689800516272542,101.01134,191,CORTICAL SS 40,1.3.6.1.4.1.5962.99.1.155648902.2049728602.1640833188742.2.0,126.527994
cptac_ccrcc,C3L-01459,1.3.6.1.4.1.14519.5.2.1.6450.2626.150080986741932875423368649977,209.269624,396,AX THN NC,1.3.6.1.4.1.5962.99.1.161802164.694888022.1640839342004.2.0,82.65204
cptac_ccrcc,C3L-01462,1.3.6.1.4.1.14519.5.2.1.6450.2626.239217219042411394178621528414,117.592378,223,sag 2x2 mip,1.3.6.1.4.1.5962.99.1.153789387.2094913717.1640831329227.2.0,240.4128
cptac_ccrcc,C3L-01464,1.3.6.1.4.1.14519.5.2.1.6450.2626.166253183661097807042863973460,104.932816,199,2X2 SAG,1.3.6.1.4.1.5962.99.1.154579800.1035742568.1640832119640.2.0,173.410558
cptac_ccrcc,C3L-01465,1.3.6.1.4.1.14519.5.2.1.6450.2626.389290730739078720289742568730,239.159808,453,AX THN PORTAL,1.3.6.1.4.1.5962.99.1.155730933.1645520830.1640833270773.2.0,337.43555
cptac_ccrcc,C3L-01954,1.3.6.1.4.1.14519.5.2.1.6450.2626.154966562989640574627543147474,542.583394,1026,DR 30%,1.3.6.1.4.1.5962.99.1.161549510.93874974.1640839089350.2.0,151.498244
cptac_ccrcc,C3L-01958,1.3.6.1.4.1.14519.5.2.1.6450.2626.275857414129959716213130533744,122.620066,232,Recon 2: +C,1.3.6.1.4.1.5962.99.1.154796478.347502509.1640832336318.2.0,81.77743
cptac_ccrcc,C3L-01976,1.3.6.1.4.1.14519.5.2.1.2857.3304.283455227941676757599751344413,71.199582,135,ABD PEL SAG,1.3.6.1.4.1.5962.99.1.152789511.980023626.1640830329351.2.0,101.31882
cptac_ccrcc,C3L-02202,1.3.6.1.4.1.14519.5.2.1.6450.2626.335766846811341102943702485903,103.678154,196,SAG 2X2,1.3.6.1.4.1.5962.99.1.157398726.563701165.1640834938566.2.0,102.050262
cptac_ccrcc,C3L-02841,1.3.6.1.4.1.14519.5.2.1.6450.2626.106472132595445381041698350691,83.853856,159,sagittal 3x3,1.3.6.1.4.1.5962.99.1.155615006.1963463169.1640833154846.2.0,224.120262
cptac_ccrcc,C3N-00194,1.3.6.1.4.1.14519.5.2.1.7085.2626.198652105819616900702471781454,76.029682,144,ABD/PEL  3.0  B40f,1.3.6.1.4.1.5962.99.1.160381772.573369503.1640837921612.2.0,305.689932
cptac_ccrcc,C3N-00244,1.3.6.1.4.1.14519.5.2.1.7085.2626.112946217177972721418404105420,126.629334,240,None,1.3.6.1.4.1.5962.99.1.152802329.1238521119.1640830342169.2.0,113.613442
cptac_ccrcc,C3N-00246,1.3.6.1.4.1.14519.5.2.1.7085.2626.265858610119397198801707393581,85.70524,118,SAGITTALS,1.3.6.1.4.1.5962.99.1.165625576.1397954678.1640843165416.2.0,124.007484
cptac_ccrcc,C3N-00305,1.3.6.1.4.1.14519.5.2.1.3320.3273.278457569394862563675319042744,149.035534,282,+C,1.3.6.1.4.1.5962.99.1.164569653.188629811.1640842109493.2.0,751.260548
cptac_ccrcc,C3N-00310,1.3.6.1.4.1.14519.5.2.1.3320.3273.216036863142790726706242530600,66.111908,125,F.Zylna,1.3.6.1.4.1.5962.99.1.161036326.375908061.1640838576166.2.0,1075.120842
cptac_ccrcc,C3N-00312,1.3.6.1.4.1.14519.5.2.1.3320.3273.162213661861017164035687013351,120.753334,229,portal,1.3.6.1.4.1.5962.99.1.163809701.961273314.1640841349541.2.0,896.584044
cptac_ccrcc,C3N-00313,1.3.6.1.4.1.14519.5.2.1.3320.3273.136918348289258470529067311648,208.309182,394,Recon 2: +C,1.3.6.1.4.1.5962.99.1.163654541.1174452976.1640841194381.2.0,714.235412
cptac_ccrcc,C3N-00380,1.3.6.1.4.1.14519.5.2.1.2932.1975.106756844835533656529983969250,412.38567,782,Body 1.0 Arterial/Phase CE,1.3.6.1.4.1.5962.99.1.157986341.1113310629.1640835526181.2.0,433.41756
cptac_ccrcc,C3N-00435,1.3.6.1.4.1.14519.5.2.1.2932.1975.190666036404757012797279389470,119.840186,227,Venous Phase  1.5  B30f,1.3.6.1.4.1.5962.99.1.157599306.1376275098.1640835139146.2.0,439.415764
cptac_ccrcc,C3N-00437,1.3.6.1.4.1.14519.5.2.1.3320.3273.137436369333412778405845587694,143.779022,272,+ SC,1.3.6.1.4.1.5962.99.1.156589319.1156749590.1640834129159.2.0,685.561238
cptac_ccrcc,C3N-00491,1.3.6.1.4.1.14519.5.2.1.3320.3273.203826671965686165578618969882,261.241266,495,Opoznione  1.5  3D,1.3.6.1.4.1.5962.99.1.163553865.470612108.1640841093705.2.0,682.564162
cptac_ccrcc,C3N-00492,1.3.6.1.4.1.14519.5.2.1.3320.3273.255689725761567654962347000997,183.70116,348,J.BRZUSZNA  1.5  I31s  3,1.3.6.1.4.1.5962.99.1.162760902.612448907.1640840300742.2.0,786.422866
cptac_ccrcc,C3N-00494,1.3.6.1.4.1.14519.5.2.1.3320.3273.261097023551283782286933309661,183.659102,348,J.BRZUSZNA  1.5  I31s  3,1.3.6.1.4.1.5962.99.1.163278121.731549027.1640840817961.2.0,911.074814
cptac_ccrcc,C3N-00733,1.3.6.1.4.1.14519.5.2.1.7085.2626.294153284456119185603708616119,84.864858,161,SAG,1.3.6.1.4.1.5962.99.1.159613642.1681104290.1640837153482.2.0,500.374714
cptac_ccrcc,C3N-00832,1.3.6.1.4.1.14519.5.2.1.3320.3273.295595698145621988559119595727,198.420266,376,None,1.3.6.1.4.1.5962.99.1.162909566.1627618209.1640840449406.2.0,109.023326
cptac_ccrcc,C3N-00953,1.3.6.1.4.1.14519.5.2.1.7085.2626.841160837884652628819263632410,198.992202,377,LUNG 2.0,1.3.6.1.4.1.5962.99.1.160777959.930114239.1640838317799.2.0,177.174478
cptac_ccrcc,C3N-01178,1.3.6.1.4.1.14519.5.2.1.3320.3273.283082474639307696511318648767,182.600444,346,J.BRZUSZNA  1.5  I31s  3,1.3.6.1.4.1.5962.99.1.162714704.1102198586.1640840254544.2.0,186.80187
cptac_ccrcc,C3N-01361,1.3.6.1.4.1.14519.5.2.1.3320.3273.156867912339785414242599206094,265.352218,503,FAZA TETNICZA 3D,1.3.6.1.4.1.5962.99.1.153972941.497964080.1640831512781.2.0,113.446136
cptac_ccrcc,C3N-01524,1.3.6.1.4.1.14519.5.2.1.2932.1975.110136518027764333512179150738,840.843734,711,CORTICAL,1.3.6.1.4.1.5962.99.1.165681791.1535449343.1640843221631.2.0,207.94311
cptac_ccrcc,C3N-01536,1.3.6.1.4.1.14519.5.2.1.2932.1975.504686912389793508180110599728,797.092422,674,CORTICAL,1.3.6.1.4.1.5962.99.1.152729828.612645649.1640830269668.2.0,259.149904
cptac_ccrcc,C3N-01646,1.3.6.1.4.1.14519.5.2.1.3320.3273.230783922786206198512887313023,267.56003,507,JB  opoznione  1.5  3D,1.3.6.1.4.1.5962.99.1.163634084.1883890982.1640841173924.2.0,160.05999
cptac_ccrcc,C3N-01648,1.3.6.1.4.1.14519.5.2.1.3320.3273.272516435005134420677675854357,243.821148,462,Faza zylna  1.5  3D,1.3.6.1.4.1.5962.99.1.154073162.1060747910.1640831613002.2.0,93.92298
cptac_ccrcc,C3N-01651,1.3.6.1.4.1.14519.5.2.1.3320.3273.305119060012316454261742499793,151.996396,288,Faza tetnicza  1.5  3D,1.3.6.1.4.1.5962.99.1.164896843.165694254.1640842436683.2.0,234.425274
cptac_ccrcc,C3N-01654,1.3.6.1.4.1.14519.5.2.1.3320.3273.175357952064417754050802051511,158.417202,300,F. ZYLNA  2.0  I26f  3,1.3.6.1.4.1.5962.99.1.152887793.882260693.1640830427633.2.0,312.05241
cptac_ccrcc,C3N-01806,1.3.6.1.4.1.14519.5.2.1.7085.2626.121259878369989399014199225146,293.635418,556,KIDNEY WO  1.5  B30f,1.3.6.1.4.1.5962.99.1.165778576.584904992.1640843318416.2.0,468.391648
cptac_ccrcc,C3N-01828,1.3.6.1.4.1.14519.5.2.1.2932.1975.229689680451686930419637262100,141.192922,268,None,1.3.6.1.4.1.5962.99.1.158646586.1462026451.1640836186426.2.0,244.556016
cptac_ccrcc,C3N-01902,1.3.6.1.4.1.14519.5.2.1.3320.3273.308847817383632847419543833870,153.522812,291,FAZA ZYLNA  1.5  B20s,1.3.6.1.4.1.5962.99.1.162382270.332393254.1640839922110.2.0,202.108038
cptac_ccrcc,C3N-01905,1.3.6.1.4.1.14519.5.2.1.3320.3273.552868745968162529834602382071,163.117188,309,Opoznione  1.5  3D,1.3.6.1.4.1.5962.99.1.158813154.2015114981.1640836352994.2.0,132.585718
cptac_ccrcc,C3N-01989,1.3.6.1.4.1.14519.5.2.1.4801.5885.623559559920025331290506358693,323.643762,612,I+ NEPHRO/EXCRETORY PHASES,1.3.6.1.4.1.5962.99.1.156138578.125880781.1640833678418.2.0,259.60797
cptac_ccrcc,C3N-02015,1.3.6.1.4.1.14519.5.2.1.7085.2626.241290796655397384297058111354,57.536738,109,90 sec ABD  3.0  B31f,1.3.6.1.4.1.5962.99.1.164504228.92792087.1640842044068.2.0,258.554214
cptac_ccrcc,C3N-02063,1.3.6.1.4.1.14519.5.2.1.2932.1975.119021941081363082209663944287,155.101664,294,Venous Phase  2.0  B41s,1.3.6.1.4.1.5962.99.1.157908074.2099549641.1640835447914.2.0,285.179402
cptac_ccrcc,C3N-02263,1.3.6.1.4.1.14519.5.2.1.3320.3273.179650225535657880583915980099,196.372254,372,Faza tetnicza  1.5  3D,1.3.6.1.4.1.5962.99.1.152962497.1176377369.1640830502337.2.0,296.149946
cptac_ccrcc,C3N-02265,1.3.6.1.4.1.14519.5.2.1.3320.3273.993902197210158887075525469747,253.370278,480,Faza zylna  1.5  3D,1.3.6.1.4.1.5962.99.1.157157817.106297286.1640834697657.2.0,396.146616
cptac_ccrcc,C3N-02332,1.3.6.1.4.1.14519.5.2.1.2932.1975.185463770652889292685481936561,269.76233,512,None,1.3.6.1.4.1.5962.99.1.155009184.797934524.1640832549024.2.0,616.14886
cptac_ccrcc,C3N-02439,1.3.6.1.4.1.14519.5.2.1.7085.2626.157805181829256281601191992921,81.860198,155,Kidney Stone  3.0  B31f,1.3.6.1.4.1.5962.99.1.162168235.1481544365.1640839708075.2.0,329.88012
cptac_ccrcc,C3N-02723,1.3.6.1.4.1.14519.5.2.1.2932.1975.680335487830174185273871920361,78.57036,149,Body 3.0 Venous/Phase/Sagittal CE,1.3.6.1.4.1.5962.99.1.162727217.1281057872.1640840267057.2.0,700.112434
cptac_ccrcc,C3N-02811,1.3.6.1.4.1.14519.5.2.1.7085.2626.463120014865221101527283440870,113.464682,215,CT UROGRAM  2.0  B31f,1.3.6.1.4.1.5962.99.1.157263052.1601566418.1640834802892.2.0,378.251384
cptac_ccrcc,C3N-03018,1.3.6.1.4.1.14519.5.2.1.3320.3273.176864415573517025418543071822,449.607054,850,0.625 +C,1.3.6.1.4.1.5962.99.1.165372075.1176357617.1640842911915.2.0,425.55903
cptac_ccrcc,C3N-03019,1.3.6.1.4.1.14519.5.2.1.3320.3273.781365723466105442151673868950,293.538384,556,KL/J.B/MM  1.5  I26f  3,1.3.6.1.4.1.5962.99.1.164227802.1576847730.1640841767642.2.0,418.34441
cptac_cm,C3L-00275,1.3.6.1.4.1.14519.5.2.1.2857.3159.203983181868287072753321424140,152.985734,290,"cap lw 5X5, iDose (3)",1.3.6.1.4.1.5962.99.1.168206577.1430998538.1640845746417.2.0,203.621628
cptac_cm,C3N-02040,1.3.6.1.4.1.14519.5.2.1.2932.1975.101293628603821133332259852363,303.741324,576,Body 1.0 Arterial/Phase CE,1.3.6.1.4.1.5962.99.1.166875246.936235401.1640844415086.2.0,190.590058
cptac_cm,C3N-02270,1.3.6.1.4.1.14519.5.2.1.3320.3273.287342690526178495933993366368,263.354988,499,Venous phase    1.5  I30f   iMAR,1.3.6.1.4.1.5962.99.1.167286731.1694755823.1640844826571.2.0,235.553932
cptac_cm,C3N-02324,1.3.6.1.4.1.14519.5.2.1.2932.1975.136732005245950579042988665714,356.45839,676,Body 1.0 Venous/Phase CE,1.3.6.1.4.1.5962.99.1.167046473.1900501276.1640844586313.2.0,599.009104
cptac_cm,C3N-02330,1.3.6.1.4.1.14519.5.2.1.2932.1975.274920337353621656966038763053,371.406492,705,None,1.3.6.1.4.1.5962.99.1.168346285.1375095375.1640845886125.2.0,388.99488
cptac_cm,C3N-02633,1.3.6.1.4.1.14519.5.2.1.3320.3273.265219228892235324288549536278,467.109596,885,CT WB  3.0  B30f,1.3.6.1.4.1.5962.99.1.174937280.1002924430.1640852477120.2.0,514.533782
cptac_cm,C3N-02679,1.3.6.1.4.1.14519.5.2.1.3320.3273.252548573746818813778479029420,514.091572,974,CT WB  3.0  B30f,1.3.6.1.4.1.5962.99.1.168952865.764321249.1640846492705.2.0,263.341776
cptac_cm,C3N-03029,1.3.6.1.4.1.14519.5.2.1.3320.3273.304575097462349871182270080607,179.424588,340,Miednica+CM  1.5  B31f,1.3.6.1.4.1.5962.99.1.173541276.466375345.1640851081116.2.0,152.191592
cptac_cm,C3N-03460,1.3.6.1.4.1.14519.5.2.1.2932.1975.136679948869490084074406010717,409.135888,776,Body 1.0,1.3.6.1.4.1.5962.99.1.168648212.1883562896.1640846188052.2.0,557.472646
cptac_cm,C3N-03614,1.3.6.1.4.1.14519.5.2.1.2932.1975.126887613559064617057929801994,555.277494,1051,CONTRAST,1.3.6.1.4.1.5962.99.1.168246980.2085041712.1640845786820.2.0,233.622784
cptac_cm,C3N-04293,1.3.6.1.4.1.14519.5.2.1.3320.3273.192361203560081504575347067400,467.105486,885,CT WB  3.0  B30f,1.3.6.1.4.1.5962.99.1.169614363.1009915395.1640847154203.2.0,347.789882
cptac_cm,C3N-04294,1.3.6.1.4.1.14519.5.2.1.3320.3273.313382569712712665415568928813,490.33641,929,CT WB  3.0  B30f,1.3.6.1.4.1.5962.99.1.173319032.446701858.1640850858872.2.0,152.817122
cptac_lscc,C3L-01000,1.3.6.1.4.1.14519.5.2.1.2692.1975.219841223840616301810162211436,525.771798,994,STD 1.25mm,1.3.6.1.4.1.5962.99.1.223775750.387425418.1640901315590.2.0,941.534528
cptac_lscc,C3N-00247,1.3.6.1.4.1.14519.5.2.1.7085.2626.261733771282513125552126520803,79.599136,151,<MPR Range[1]>,1.3.6.1.4.1.5962.99.1.211529792.18609106.1640889069632.2.0,302.01806
cptac_lscc,C3N-00309,1.3.6.1.4.1.14519.5.2.1.3320.3273.129897669555227617570167468688,131.644098,249,Recon 2: Przed kontrastem,1.3.6.1.4.1.5962.99.1.222588559.529908368.1640900128399.2.0,789.77782
cptac_lscc,C3N-00497,1.3.6.1.4.1.14519.5.2.1.3320.3273.191452376400882487754937262654,140.101416,265,Recon 2: +C,1.3.6.1.4.1.5962.99.1.223759786.1049780970.1640901299626.2.0,158.319554
cptac_lscc,C3N-00839,1.3.6.1.4.1.14519.5.2.1.2932.1975.201578893865734098381702834417,224.586334,426,Body 1.0,1.3.6.1.4.1.5962.99.1.229890998.122923343.1640907430838.2.0,431.865266
cptac_lscc,C3N-01194,1.3.6.1.4.1.14519.5.2.1.3320.3273.591059594426841843036955513131,534.296256,1011,WB Standard,1.3.6.1.4.1.5962.99.1.212475858.1708601274.1640890015698.2.0,173.809976
cptac_lscc,C3N-01846,1.3.6.1.4.1.14519.5.2.1.2932.1975.243695800411299879752677741337,243.980924,149,Body 3.0 Arterial/Phase/Sagittal CE,1.3.6.1.4.1.5962.99.1.227199807.1062181643.1640904739647.2.0,171.082176
cptac_lscc,C3N-01892,1.3.6.1.4.1.14519.5.2.1.3320.3273.225013741155311675515721472462,138.993108,263,WB Standard,1.3.6.1.4.1.5962.99.1.212176383.1731831849.1640889716223.2.0,327.849146
cptac_lscc,C3N-01893,1.3.6.1.4.1.14519.5.2.1.3320.3273.250708181936974981719304865387,343.814112,652,None,1.3.6.1.4.1.5962.99.1.233648867.2019885657.1640911188707.2.0,300.203602
cptac_lscc,C3N-02283,1.3.6.1.4.1.14519.5.2.1.3320.3273.176633216123262623955905522806,150.645968,285,REKONSTRUKCJA PLUCNA,1.3.6.1.4.1.5962.99.1.215882057.2144983265.1640893421897.2.0,178.370524
cptac_lscc,C3N-02284,1.3.6.1.4.1.14519.5.2.1.3320.3273.393453831135641608246252432799,534.295214,1011,WB Standard,1.3.6.1.4.1.5962.99.1.233096424.1834269742.1640910636264.2.0,259.791612
cptac_lscc,C3N-02285,1.3.6.1.4.1.14519.5.2.1.3320.3273.330516103388011054891344582212,534.29541,1011,WB Standard,1.3.6.1.4.1.5962.99.1.208316214.1955733446.1640885856054.2.0,295.4543
cptac_lscc,C3N-02288,1.3.6.1.4.1.14519.5.2.1.3320.3273.152849044758733455184357349066,297.870332,563,BONE,1.3.6.1.4.1.5962.99.1.224833851.111404150.1640902373691.2.0,212.643708
cptac_lscc,C3N-02289,1.3.6.1.4.1.14519.5.2.1.3320.3273.114345424815424969233397045008,156.179114,296,Kl.piersiowa  1.5  B70s,1.3.6.1.4.1.5962.99.1.230055775.813152121.1640907595615.2.0,262.465286
cptac_lscc,C3N-02300,1.3.6.1.4.1.14519.5.2.1.3320.3273.130975505083772519039200523690,534.28171,1011,WB Standard,1.3.6.1.4.1.5962.99.1.221831412.1849309728.1640899371252.2.0,184.280552
cptac_lscc,C3N-02339,1.3.6.1.4.1.14519.5.2.1.2932.1975.126253179590768769204679303792,223.566694,424,",,Vol,1.0,Vol.,NATIVE,",1.3.6.1.4.1.5962.99.1.233594402.744357811.1640911134242.2.0,400.01076
cptac_lscc,C3N-02434,1.3.6.1.4.1.14519.5.2.1.7085.2626.137784592071393290944500032793,139.104708,263,CTAC WB,1.3.6.1.4.1.5962.99.1.213430824.2004242466.1640890970664.2.0,374.271208
cptac_lscc,C3N-02494,1.3.6.1.4.1.14519.5.2.1.4801.5885.148647290459489525080906012106,126.879642,240,CHEST,1.3.6.1.4.1.5962.99.1.212661876.1464360329.1640890201716.2.0,395.809688
cptac_lscc,C3N-02523,1.3.6.1.4.1.14519.5.2.1.4801.5885.778464920721812377378773608435,158.08899,299,CTAC,1.3.6.1.4.1.5962.99.1.219284420.1023989516.1640896824260.2.0,166.0861
cptac_lscc,C3N-02675,1.3.6.1.4.1.14519.5.2.1.3320.3273.158757173700122281947634839187,163.41565,310,None,1.3.6.1.4.1.5962.99.1.229562840.1551021769.1640907102680.2.0,216.58836
cptac_lscc,C3N-03424,1.3.6.1.4.1.14519.5.2.1.3320.3273.126329498563211095660356938504,157.069244,298,None,1.3.6.1.4.1.5962.99.1.226203835.1066086813.1640903743675.2.0,203.347102
cptac_lscc,C3N-03425,1.3.6.1.4.1.14519.5.2.1.3320.3273.244011874561918832083186089023,295.800992,559,J-23 +C,1.3.6.1.4.1.5962.99.1.212205847.842095227.1640889745687.2.0,284.300954
cptac_lscc,C3N-03486,1.3.6.1.4.1.14519.5.2.1.2932.1975.181645819202171726261135651713,200.722032,381,None,1.3.6.1.4.1.5962.99.1.218462476.1523065752.1640896002316.2.0,135.291596
cptac_lscc,C3N-03762,1.3.6.1.4.1.14519.5.2.1.3320.3273.112758491758882618796818770803,67.478448,128,coronal,1.3.6.1.4.1.5962.99.1.209900380.1013124223.1640887440220.2.0,319.839644
cptac_lscc,C3N-04162,1.3.6.1.4.1.14519.5.2.1.2932.1975.283724586529264347808137918981,313.201248,594,Body 1.0 Venous /Phase CE,1.3.6.1.4.1.5962.99.1.210182465.898269191.1640887722305.2.0,699.751052
cptac_lscc,C3N-04167,1.3.6.1.4.1.14519.5.2.1.2932.1975.119554862381870875314127355939,780.531164,660,PORTAL,1.3.6.1.4.1.5962.99.1.217625781.924958560.1640895165621.2.0,717.70749
cptac_lscc,C3N-04169,1.3.6.1.4.1.14519.5.2.1.3320.3273.232291948668935844190688792659,147.081312,279,None,1.3.6.1.4.1.5962.99.1.224554333.506653825.1640902094173.2.0,288.44648
cptac_lscc,C3N-04170,1.3.6.1.4.1.14519.5.2.1.3320.3273.125249681485709196815193463002,154.674502,293,None,1.3.6.1.4.1.5962.99.1.212304309.522182412.1640889844149.2.0,164.828168
cptac_lscc,C3N-04179,1.3.6.1.4.1.14519.5.2.1.3320.3273.156904327242184628384792325087,187.146536,355,None,1.3.6.1.4.1.5962.99.1.225818804.1593859678.1640903358644.2.0,190.685712
cptac_lscc,C3N-04457,1.3.6.1.4.1.14519.5.2.1.2932.1975.807131872175735977541021222269,339.649042,644,Body 1.0  CE,1.3.6.1.4.1.5962.99.1.219297893.883844822.1640896837733.2.0,849.741998
cptac_lscc,C3N-04673,1.3.6.1.4.1.14519.5.2.1.3320.3273.317754417098235011317186302209,167.113924,317,None,1.3.6.1.4.1.5962.99.1.212151085.1296352216.1640889690925.2.0,260.037932
cptac_lscc,C3N-04701,1.3.6.1.4.1.14519.5.2.1.3320.3273.107735884671771616764039289325,686.83191,327,HiRes lung,1.3.6.1.4.1.5962.99.1.235088463.2062464903.1640912628303.2.0,357.690222
cptac_lscc,C3N-05078,1.3.6.1.4.1.14519.5.2.1.3320.3273.177059298230352086094771091852,275.121258,520,"0,6 MM PLUCA",1.3.6.1.4.1.5962.99.1.214337763.329575559.1640891877603.2.0,155.612192
cptac_lscc,C3N-05079,1.3.6.1.4.1.14519.5.2.1.3320.3273.253896622352643794569097405234,160.82415,304,1.25 MM SRODPIERSIE,1.3.6.1.4.1.5962.99.1.220869945.587555233.1640898409785.2.0,263.204102
cptac_lscc,C3N-05629,1.3.6.1.4.1.14519.5.2.1.3320.3273.280833780400475794900552119239,282.96539,535,J-23,1.3.6.1.4.1.5962.99.1.208758247.754955510.1640886298087.2.0,164.786702
cptac_lscc,C3N-05630,1.3.6.1.4.1.14519.5.2.1.3320.3273.251546196874601864031101642989,730.938306,348,HiRes lung,1.3.6.1.4.1.5962.99.1.210396529.94480191.1640887936369.2.0,253.221494
cptac_luad,C3L-00263,1.3.6.1.4.1.14519.5.2.1.2857.5885.314584460729861695462079998563,74.60459,141,CHEST LUNG,1.3.6.1.4.1.5962.99.1.261636586.1776140648.1640939176426.2.0,264.330764
cptac_luad,C3L-00422,1.3.6.1.4.1.14519.5.2.1.2857.5885.286164688969437439812688169744,144.408088,273,CHEST 1.25 STD,1.3.6.1.4.1.5962.99.1.255451516.1973467249.1640932991356.2.0,152.427466
cptac_luad,C3L-00893,1.3.6.1.4.1.14519.5.2.1.2857.5885.277540806153144618397455198572,71.281566,135,CHEST PRE  BX,1.3.6.1.4.1.5962.99.1.236666739.2057321029.1640914206579.2.0,121.337364
cptac_luad,C3L-01924,1.3.6.1.4.1.14519.5.2.1.1427.5885.978287929231402497236719015737,95.475822,181,SAGITTALS,1.3.6.1.4.1.5962.99.1.241357189.1829878970.1640918897029.2.0,63.33449
cptac_luad,C3L-02508,1.3.6.1.4.1.14519.5.2.1.2857.5885.124520778073051866129772338420,164.547068,311,CT WB,1.3.6.1.4.1.5962.99.1.248708143.1491261137.1640926247983.2.0,110.45165
cptac_luad,C3L-02513,1.3.6.1.4.1.14519.5.2.1.1427.5885.196948326814242077903482202185,127.477066,241,Chest Recons Thins,1.3.6.1.4.1.5962.99.1.237069029.1022471484.1640914608869.2.0,566.12555
cptac_luad,C3L-02515,1.3.6.1.4.1.14519.5.2.1.1427.5885.254528437040024279081098988877,222.858766,422,3 1.0 x 0.8 Virtual Bronch,1.3.6.1.4.1.5962.99.1.238192146.1282626760.1640915731986.2.0,511.819052
cptac_luad,C3L-03642,1.3.6.1.4.1.14519.5.2.1.1427.5885.921576625148733126788635950172,117.5853,196,Sagittal,1.3.6.1.4.1.5962.99.1.242119152.1088905451.1640919658992.2.0,734.961672
cptac_luad,C3L-03717,1.3.6.1.4.1.14519.5.2.1.4320.5885.282955072569733656657481551059,141.828986,268,1.25MM LUNG,1.3.6.1.4.1.5962.99.1.247772177.1973902576.1640925312017.2.0,3096.81534
cptac_luad,C3L-03721,1.3.6.1.4.1.14519.5.2.1.4320.5885.227977903440700014711095747021,160.904258,305,CT WB,1.3.6.1.4.1.5962.99.1.239558421.382954026.1640917098261.2.0,2123.360648
cptac_luad,C3N-00199,1.3.6.1.4.1.14519.5.2.1.7085.2626.295934509483630950405648843111,61.174308,116,SAG<MPR Range>,1.3.6.1.4.1.5962.99.1.244315414.1275531431.1640921855254.2.0,449.41916
cptac_luad,C3N-00293,1.3.6.1.4.1.14519.5.2.1.3320.3273.339961914707493146262645207222,132.677254,251,Recon 2: PRZED KONTRASTEM,1.3.6.1.4.1.5962.99.1.250463088.612808988.1640928002928.2.0,643.285046
cptac_luad,C3N-00294,1.3.6.1.4.1.14519.5.2.1.3320.3273.236509561357681501755863927207,260.505678,494,None,1.3.6.1.4.1.5962.99.1.240726714.2131021131.1640918266554.2.0,609.528478
cptac_luad,C3N-00704,1.3.6.1.4.1.14519.5.2.1.4801.5885.265238222707560839809959746263,221.107902,418,CTPA (40% ASIR),1.3.6.1.4.1.5962.99.1.246311574.1196508351.1640923851414.2.0,459.291022
cptac_luad,C3N-00737,1.3.6.1.4.1.14519.5.2.1.7085.2626.243476458561869300879312690105,105.451186,200,<MPR Range[1]>,1.3.6.1.4.1.5962.99.1.243406197.101640419.1640920946037.2.0,164.9315
cptac_luad,C3N-00738,1.3.6.1.4.1.14519.5.2.1.4801.5885.272098123881276945765413506507,135.896166,257,1.25 STD,1.3.6.1.4.1.5962.99.1.245432888.1758062918.1640922972728.2.0,289.876182
cptac_luad,C3N-00959,1.3.6.1.4.1.14519.5.2.1.7085.2626.207270383255174436815741655113,171.088312,324,CT WB,1.3.6.1.4.1.5962.99.1.243283041.1022567961.1640920822881.2.0,308.278248
cptac_luad,C3N-01799,1.3.6.1.4.1.14519.5.2.1.7085.2626.155364834599121697733963344815,36.435292,69,CHEST  3.0  B40f,1.3.6.1.4.1.5962.99.1.235922212.28218168.1640913462052.2.0,270.572058
cptac_luad,C3N-02281,1.3.6.1.4.1.14519.5.2.1.3320.3273.291908858495821527137512255078,534.27944,1011,WB Standard,1.3.6.1.4.1.5962.99.1.236809532.1057542491.1640914349372.2.0,294.278724
cptac_luad,C3N-02282,1.3.6.1.4.1.14519.5.2.1.3320.3273.645728679330273655574786119247,326.93919,620,None,1.3.6.1.4.1.5962.99.1.242850589.1294584265.1640920390429.2.0,200.602746
cptac_luad,C3N-02290,1.3.6.1.4.1.14519.5.2.1.3320.5885.104908832019890401330789407196,207.163428,393,None,1.3.6.1.4.1.5962.99.1.244539080.465458488.1640922078920.2.0,373.500754
cptac_luad,C3N-02451,1.3.6.1.4.1.14519.5.2.1.7085.2626.480567452053541285173757817946,64.906438,119,Chest SAGITTAL  3.0  MPR,1.3.6.1.4.1.5962.99.1.246603257.1159462541.1640924143097.2.0,131.152596
cptac_luad,C3N-02672,1.3.6.1.4.1.14519.5.2.1.3320.3273.387196718454503935918643534434,737.224408,351,HiRes lung,1.3.6.1.4.1.5962.99.1.236207413.1965229739.1640913747253.2.0,243.43115
cptac_luad,C3N-02715,1.3.6.1.4.1.14519.5.2.1.2932.1975.300755519560126512196724545104,728.488534,616,PORTAL,1.3.6.1.4.1.5962.99.1.256455844.1968812676.1640933995684.2.0,429.868796
cptac_luad,C3N-02721,1.3.6.1.4.1.14519.5.2.1.2932.1975.140019191302805149397246344266,285.119922,540,Thorax Contr  1.0  B60f,1.3.6.1.4.1.5962.99.1.243148730.508117405.1640920688570.2.0,768.438776
cptac_luad,C3N-02948,1.3.6.1.4.1.14519.5.2.1.7085.5885.211215116169757162197679261461,197.511874,374,CT WB,1.3.6.1.4.1.5962.99.1.248015926.1186912575.1640925555766.2.0,446.260808
cptac_luad,C3N-02950,1.3.6.1.4.1.14519.5.2.1.7085.2626.172164159071974271261133792881,47.452668,90,Biopsy  3.0  B60f,1.3.6.1.4.1.5962.99.1.240513959.102719806.1640918053799.2.0,236.88747
cptac_luad,C3N-02973,1.3.6.1.4.1.14519.5.2.1.7085.2626.170653402267379967311032661092,96.232272,167,SAGITTAL,1.3.6.1.4.1.5962.99.1.235754264.1911635075.1640913294104.2.0,232.498936
cptac_luad,C3N-03038,1.3.6.1.4.1.14519.5.2.1.4801.5885.139489723292488636051926736758,477.430292,300,"1.5 SAG ST, iDose (3)",1.3.6.1.4.1.5962.99.1.257969662.282905549.1640935509502.2.0,163.46648
cptac_luad,C3N-03222,1.3.6.1.4.1.14519.5.2.1.2932.1975.215771290341461822847218835354,475.144542,902,None,1.3.6.1.4.1.5962.99.1.238056559.1895068770.1640915596399.2.0,534.214608
cptac_luad,C3N-03233,1.3.6.1.4.1.14519.5.2.1.2932.1975.172267354930989988622900595777,824.290124,697,PORTAL,1.3.6.1.4.1.5962.99.1.248943887.698638225.1640926483727.2.0,465.536262
cptac_luad,C3N-03420,1.3.6.1.4.1.14519.5.2.1.3320.3273.208769029916232937521564224777,751.926892,358,HiRes lung,1.3.6.1.4.1.5962.99.1.258817939.1225236286.1640936357779.2.0,479.356772
cptac_luad,C3N-03764,1.3.6.1.4.1.14519.5.2.1.3320.3273.258568203584064373083644468452,294.03127,556,0.625mm BONE,1.3.6.1.4.1.5962.99.1.247011671.1417533051.1640924551511.2.0,302.097636
cptac_luad,C3N-03765,1.3.6.1.4.1.14519.5.2.1.3320.5885.316304734351390532123924385602,1272.979764,606,HiRes lung,1.3.6.1.4.1.5962.99.1.241365188.1171838517.1640918905028.2.0,201.533142
cptac_luad,C3N-03911,1.3.6.1.4.1.14519.5.2.1.2932.1975.619156556509951983460034729719,53.279522,101,Spiral  1.5  B41s,1.3.6.1.4.1.5962.99.1.254242113.1351204123.1640931781953.2.0,1036.48472
cptac_luad,C3N-04173,1.3.6.1.4.1.14519.5.2.1.3320.3273.257582416028259978485407183475,154.351908,292,WB Standard 3.75,1.3.6.1.4.1.5962.99.1.242332092.498367221.1640919871932.2.0,438.66549
cptac_luad,C3N-04382,1.3.6.1.4.1.14519.5.2.1.7085.5885.519883287237689016827332714588,100.74359,132,CHEST  3.0  SPO  sag,1.3.6.1.4.1.5962.99.1.257764813.1266667228.1640935304653.2.0,230.325378
cptac_pda,C3L-00189,1.3.6.1.4.1.14519.5.2.1.1078.3273.228176521817637465464538864593,107.498042,203,A/P 5/2.5MM 20 ASIR,1.3.6.1.4.1.5962.99.1.275422240.1678182287.1640952962080.2.0,359.760796
cptac_pda,C3L-00395,1.3.6.1.4.1.14519.5.2.1.1078.3273.118728365638643556704822628107,132.856392,251,2.5 PV ABD/PEL,1.3.6.1.4.1.5962.99.1.279784580.319494748.1640957324420.2.0,89.824176
cptac_pda,C3L-00401,1.3.6.1.4.1.14519.5.2.1.1078.3273.115222332781781993819030355720,116.455042,220,VENOUS ABD/PELVIS 2.5MM,1.3.6.1.4.1.5962.99.1.275766711.1523401662.1640953306551.2.0,211.404126
cptac_pda,C3L-00599,1.3.6.1.4.1.14519.5.2.1.1078.3273.222278685027529845907946846691,105.050874,199,SAG BODY 3MM,1.3.6.1.4.1.5962.99.1.279692516.1451592729.1640957232356.2.0,146.83628
cptac_pda,C3L-00622,1.3.6.1.4.1.14519.5.2.1.1078.3273.178633504529458693579167992242,103.454254,196,808 AP SAGITTAL,1.3.6.1.4.1.5962.99.1.275562694.1907540903.1640953102534.2.0,210.041882
cptac_pda,C3L-00625,1.3.6.1.4.1.14519.5.2.1.1078.3273.312578525667280635719512418976,106.104656,201,SAG VENOUS,1.3.6.1.4.1.5962.99.1.274321188.1750636927.1640951861028.2.0,225.035338
cptac_pda,C3L-01031,1.3.6.1.4.1.14519.5.2.1.2692.1975.223722475196406832638685758757,7.382216,14,None,1.3.6.1.4.1.5962.99.1.276577529.719444261.1640954117369.2.0,601.839888
cptac_pda,C3L-01032,1.3.6.1.4.1.14519.5.2.1.2692.1975.257635862235998585184156485428,211.505398,401,Body 1.0 CE,1.3.6.1.4.1.5962.99.1.276383079.543006812.1640953922919.2.0,185.670868
cptac_pda,C3L-01036,1.3.6.1.4.1.14519.5.2.1.2692.1975.404189055362116259036690595092,247.378476,469,Body 1.0 CE,1.3.6.1.4.1.5962.99.1.272034655.1458588705.1640949574495.2.0,474.591534
cptac_pda,C3L-01687,1.3.6.1.4.1.14519.5.2.1.1078.3273.213790906566744759915339361743,82.563358,156,AXIAL ABDOMEN PELVIS,1.3.6.1.4.1.5962.99.1.273060562.1718019337.1640950600402.2.0,486.262792
cptac_pda,C3L-01689,1.3.6.1.4.1.14519.5.2.1.1078.3273.915857074693225456170997227676,134.42062,254,2.5 PV ABD/PEL,1.3.6.1.4.1.5962.99.1.277017917.974610450.1640954557757.2.0,417.152272
cptac_pda,C3L-01702,1.3.6.1.4.1.14519.5.2.1.1078.3273.131311021981995758635378138770,71.44906,135,AXIAL ABDOMEN PELVIS,1.3.6.1.4.1.5962.99.1.279037775.1053169392.1640956577615.2.0,472.206444
cptac_pda,C3L-01703,1.3.6.1.4.1.14519.5.2.1.1078.3273.333652539049780430799840370124,121.718994,230,VENOUS ABD/PELVIS 2.5MM,1.3.6.1.4.1.5962.99.1.278034020.1184451093.1640955573860.2.0,240.50292
cptac_pda,C3L-02109,1.3.6.1.4.1.14519.5.2.1.1078.3273.328908073663398961712694980553,49.628096,94,3 C STND,1.3.6.1.4.1.5962.99.1.278814613.836769169.1640956354453.2.0,209.00816
cptac_pda,C3L-02112,1.3.6.1.4.1.14519.5.2.1.1078.3273.509194190879524769161030308306,377.363608,713,VENOUS A/P THINS,1.3.6.1.4.1.5962.99.1.277356505.323804136.1640954896345.2.0,222.78118
cptac_pda,C3L-02115,1.3.6.1.4.1.14519.5.2.1.1078.3273.244342103817398379684259565714,259.308258,490,1.25 STD CHEST,1.3.6.1.4.1.5962.99.1.278261288.1638301063.1640955801128.2.0,446.939986
cptac_pda,C3L-02116,1.3.6.1.4.1.14519.5.2.1.1078.3273.120161010587544422997245693551,110.609708,209,ABD/PEL  ENHANCED 5/2.5mm,1.3.6.1.4.1.5962.99.1.274211249.1204507786.1640951751089.2.0,198.836706
cptac_pda,C3L-02118,1.3.6.1.4.1.14519.5.2.1.1078.3273.332620288407333166459087848337,185.760222,351,LUNG,1.3.6.1.4.1.5962.99.1.274977924.240449747.1640952517764.2.0,204.770358
cptac_pda,C3L-02606,1.3.6.1.4.1.14519.5.2.1.1078.3273.317702376842494579526265962666,134.42727,254,LUNG 1.25,1.3.6.1.4.1.5962.99.1.278172737.201864275.1640955712577.2.0,305.228524
cptac_pda,C3L-02613,1.3.6.1.4.1.14519.5.2.1.1078.3273.318390387516429528571766938804,113.493974,215,61 VENOUS ABD AXIAL 3X2,1.3.6.1.4.1.5962.99.1.276154752.1886830677.1640953694592.2.0,373.414272
cptac_pda,C3L-02890,1.3.6.1.4.1.14519.5.2.1.1078.3273.271141209378346285855652349011,114.551698,217,61 VENOUS ABD AXIAL 3X2,1.3.6.1.4.1.5962.99.1.278077553.2140455990.1640955617393.2.0,273.132646
cptac_pda,C3L-03123,1.3.6.1.4.1.14519.5.2.1.1078.3273.878693805588095257666542243238,66.046918,125,Pancreatic/Phase Axial,1.3.6.1.4.1.5962.99.1.276209431.881109368.1640953749271.2.0,336.99008
cptac_pda,C3L-03126,1.3.6.1.4.1.14519.5.2.1.1078.3273.148588480478102781132518226358,388.403066,734,POST ENDO ABDOMEN,1.3.6.1.4.1.5962.99.1.273725331.1099805446.1640951265171.2.0,134.820046
cptac_pda,C3L-03350,1.3.6.1.4.1.14519.5.2.1.1078.3273.229071156808614932171034087401,136.19223,258,61 VENOUS ABD AXIAL 3X2,1.3.6.1.4.1.5962.99.1.276331204.280704851.1640953871044.2.0,287.790996
cptac_pda,C3L-03356,1.3.6.1.4.1.14519.5.2.1.1078.3273.178159594418154823809776931651,102.507912,194,Axial,1.3.6.1.4.1.5962.99.1.275230805.727799887.1640952770645.2.0,396.720496
cptac_pda,C3L-03624,1.3.6.1.4.1.14519.5.2.1.1078.3273.876178019528462449212840108611,95.542124,181,SAG VENOUS,1.3.6.1.4.1.5962.99.1.275314674.359602607.1640952854514.2.0,284.702932
cptac_pda,C3L-03628,1.3.6.1.4.1.14519.5.2.1.1078.3273.143149128964300163871889705246,114.538802,217,61 VENOUS ABD AXIAL 3X2,1.3.6.1.4.1.5962.99.1.279459221.1909064765.1640956999061.2.0,319.18042
cptac_pda,C3L-03632,1.3.6.1.4.1.14519.5.2.1.1078.3273.155971527466699061555353618253,97.904746,185,ARTERIAL AXIAL 2.5 X 1.25,1.3.6.1.4.1.5962.99.1.280779945.2067779234.1640958319785.2.0,128.882936
cptac_pda,C3L-03635,1.3.6.1.4.1.14519.5.2.1.1078.3707.112793168304085143489488641551,6.350594,12,PV ABD/PEL 2.5MM,1.3.6.1.4.1.5962.99.1.272334335.1482492829.1640949874175.2.0,276.200746
cptac_pda,C3L-03639,1.3.6.1.4.1.14519.5.2.1.1078.3707.210588007148164973746252349519,16.405564,31,VENOUS A/P THINS,1.3.6.1.4.1.5962.99.1.279008347.2106025901.1640956548187.2.0,354.40558
cptac_pda,C3L-03743,1.3.6.1.4.1.14519.5.2.1.2857.3273.274455206236664721112911066697,59.060154,112,SAG 3MM THICK AVERAGE,1.3.6.1.4.1.5962.99.1.278667965.947007788.1640956207805.2.0,221.133064
cptac_pda,C3L-04473,1.3.6.1.4.1.14519.5.2.1.1078.3707.176162840987962864551101923194,5.278512,10,808 AP SAGITTAL,1.3.6.1.4.1.5962.99.1.274230667.1556520884.1640951770507.2.0,264.41383
cptac_pda,C3L-04475,1.3.6.1.4.1.14519.5.2.1.1078.3273.302369771289384913496039595161,96.597306,183,SAG ABD,1.3.6.1.4.1.5962.99.1.274574272.1348301584.1640952114112.2.0,328.96753
cptac_pda,C3L-04479,1.3.6.1.4.1.14519.5.2.1.1078.3273.147340054288591525784413209683,116.422862,220,AXIALS 5x2.5,1.3.6.1.4.1.5962.99.1.277995745.434280533.1640955535585.2.0,305.560532
cptac_pda,C3L-04495,1.3.6.1.4.1.14519.5.2.1.1078.3273.295450725282585777200166644153,260.354186,492,CHEST THINS,1.3.6.1.4.1.5962.99.1.279661167.2055221580.1640957201007.2.0,45.881998
cptac_pda,C3L-04848,1.3.6.1.4.1.14519.5.2.1.1078.3273.275303419033168948795184583244,126.977342,240,SAG A/P,1.3.6.1.4.1.5962.99.1.272260508.1939305668.1640949800348.2.0,225.239588
cptac_pda,C3L-04853,1.3.6.1.4.1.14519.5.2.1.1078.3707.286425578351489846086175868894,89.749714,170,SAG BODY 3MM,1.3.6.1.4.1.5962.99.1.273456335.962861636.1640950996175.2.0,63.864944
cptac_pda,C3N-00198,1.3.6.1.4.1.14519.5.2.1.7085.2626.119403521930927333027265674239,107.689732,204,ABD/PANC 3.0 B31f,1.3.6.1.4.1.5962.99.1.272292044.2007787611.1640949831884.2.0,391.797742
cptac_pda,C3N-00249,1.3.6.1.4.1.14519.5.2.1.7085.2626.172588462561743344199337549493,92.272076,175,sagitals,1.3.6.1.4.1.5962.99.1.277800816.1031815327.1640955340656.2.0,194.43722
cptac_pda,C3N-00302,1.3.6.1.4.1.14519.5.2.1.3320.3273.153402618197058722914565659447,508.662214,963,KLP/JB/M/3D,1.3.6.1.4.1.5962.99.1.275805577.1275570491.1640953345417.2.0,640.41072
cptac_pda,C3N-00303,1.3.6.1.4.1.14519.5.2.1.3320.3273.228476454931090952243913193877,135.32075,256,KONTRAST,1.3.6.1.4.1.5962.99.1.279541822.321214850.1640957081662.2.0,469.719666
cptac_pda,C3N-00511,1.3.6.1.4.1.14519.5.2.1.3320.3273.394866575032447988191184524248,90.428248,171,Przed kontrastem,1.3.6.1.4.1.5962.99.1.274679931.1673021126.1640952219771.2.0,173.762184
cptac_pda,C3N-00512,1.3.6.1.4.1.14519.5.2.1.3320.3273.114542284322103737687268266165,162.937366,309,None,1.3.6.1.4.1.5962.99.1.275179229.426651092.1640952719069.2.0,86.412412
cptac_pda,C3N-00513,1.3.6.1.4.1.14519.5.2.1.3320.3273.278368140789985033169275679549,210.388422,399,portal,1.3.6.1.4.1.5962.99.1.280158778.898255131.1640957698618.2.0,109.64496
cptac_pda,C3N-00518,1.3.6.1.4.1.14519.5.2.1.3320.3273.894167347793769027638819390862,101.29993,192,Arterial Phase  3.0  SPO  sag,1.3.6.1.4.1.5962.99.1.272545395.625088267.1640950085235.2.0,113.421352
cptac_pda,C3N-00957,1.3.6.1.4.1.14519.5.2.1.7085.2626.154051376409147956908750049684,158.144524,299,CTAC WB,1.3.6.1.4.1.5962.99.1.279748779.1115560949.1640957288619.2.0,235.996006
cptac_pda,C3N-01012,1.3.6.1.4.1.14519.5.2.1.7085.2626.744507178775994725275492037790,108.678612,160,None,1.3.6.1.4.1.5962.99.1.273863611.2125463315.1640951403451.2.0,126.223526
cptac_pda,C3N-01165,1.3.6.1.4.1.14519.5.2.1.3320.3273.124669073817917404159718940207,172.002574,326,F. TETNICZA  1.5  I41s  3,1.3.6.1.4.1.5962.99.1.274055490.2446102.1640951595330.2.0,132.458014
cptac_pda,C3N-01166,1.3.6.1.4.1.14519.5.2.1.3320.3273.207087120479311248868466566881,212.8053,403,Abdomen +K3  1.0  B20f,1.3.6.1.4.1.5962.99.1.272383742.257526363.1640949923582.2.0,116.679806
cptac_pda,C3N-01167,1.3.6.1.4.1.14519.5.2.1.3320.3273.483334061780934084458569725002,200.110098,379,Abdomen +K3  1.0  B20f,1.3.6.1.4.1.5962.99.1.272692178.1477788351.1640950232018.2.0,162.41546
cptac_pda,C3N-01375,1.3.6.1.4.1.14519.5.2.1.3320.3273.138020348644744766204502731573,268.013314,507,None,1.3.6.1.4.1.5962.99.1.272607648.600053474.1640950147488.2.0,151.179458
cptac_pda,C3N-01378,1.3.6.1.4.1.14519.5.2.1.3320.3273.217453510810313206247867914998,131.07084,248,None,1.3.6.1.4.1.5962.99.1.279394413.1866433543.1640956934253.2.0,179.306714
cptac_pda,C3N-01381,1.3.6.1.4.1.14519.5.2.1.3320.3273.178801846216098825198364541040,90.409686,171,+C Zylna,1.3.6.1.4.1.5962.99.1.277138348.1305563797.1640954678188.2.0,272.456216
cptac_pda,C3N-01382,1.3.6.1.4.1.14519.5.2.1.3320.3273.541206236121282804380981504232,244.401276,463,Tk miekka 1.0 CE  II Faza Vol.,1.3.6.1.4.1.5962.99.1.278535231.1217294239.1640956075071.2.0,249.801708
cptac_pda,C3N-01383,1.3.6.1.4.1.14519.5.2.1.3320.3273.324947681040913255556526210003,297.116934,563,Vol. T miekka FC02,1.3.6.1.4.1.5962.99.1.279614746.1636376135.1640957154586.2.0,126.062072
cptac_pda,C3N-01502,1.3.6.1.4.1.14519.5.2.1.7085.3273.294949481711589922070743035081,103.910508,160,None,1.3.6.1.4.1.5962.99.1.278149311.812528040.1640955689151.2.0,118.36215
cptac_pda,C3N-01714,1.3.6.1.4.1.14519.5.2.1.3320.3273.110290822146863901498359737736,133.191694,252,None,1.3.6.1.4.1.5962.99.1.275696681.684364412.1640953236521.2.0,150.742622
cptac_pda,C3N-01715,1.3.6.1.4.1.14519.5.2.1.3320.3273.123309612523594711232956231707,206.690094,391,None,1.3.6.1.4.1.5962.99.1.276930304.2047715696.1640954470144.2.0,155.964432
cptac_pda,C3N-01716,1.3.6.1.4.1.14519.5.2.1.3320.3273.101564485329278041525221621506,17.976752,34,None,1.3.6.1.4.1.5962.99.1.275619171.1868399020.1640953159011.2.0,209.735568
cptac_pda,C3N-01900,1.3.6.1.4.1.14519.5.2.1.3320.3273.771748793767592485860152498654,33.83492,64,J.BRZUSZNA,1.3.6.1.4.1.5962.99.1.272745055.79701399.1640950284895.2.0,231.969672
cptac_pda,C3N-01907,1.3.6.1.4.1.14519.5.2.1.3320.3273.189643134719209613405706088961,191.46005,362,None,1.3.6.1.4.1.5962.99.1.271701905.1260692843.1640949241745.2.0,156.66222
cptac_pda,C3N-02010,1.3.6.1.4.1.14519.5.2.1.7085.2626.297510786464656849889246743645,241.597276,399,None,1.3.6.1.4.1.5962.99.1.271724082.276217238.1640949263922.2.0,239.238008
cptac_pda,C3N-02589,1.3.6.1.4.1.14519.5.2.1.3320.3273.237312271944780692219211289848,25.380864,48,PRZEGLADOWE,1.3.6.1.4.1.5962.99.1.277843657.771923655.1640955383497.2.0,187.803942
cptac_pda,C3N-02592,1.3.6.1.4.1.14519.5.2.1.3320.3273.879611076177009012361201941155,45.497586,86,po iv tetnicza,1.3.6.1.4.1.5962.99.1.272164491.423567838.1640949704331.2.0,202.686856
cptac_pda,C3N-02697,1.3.6.1.4.1.14519.5.2.1.3320.3273.174816851149719539284148275909,243.21326,461,None,1.3.6.1.4.1.5962.99.1.275464782.1774449448.1640953004622.2.0,72.007184
cptac_pda,C3N-02971,1.3.6.1.4.1.14519.5.2.1.7085.2626.193988406996778627662514586294,106.096676,201,ARTERIAL  2.0  B30f,1.3.6.1.4.1.5962.99.1.276394130.67847176.1640953933970.2.0,288.681276
cptac_pda,C3N-02997,1.3.6.1.4.1.14519.5.2.1.3320.3273.303648383428686618806033631306,237.535002,450,None,1.3.6.1.4.1.5962.99.1.275111521.1863279945.1640952651361.2.0,187.580696
cptac_pda,C3N-02998,1.3.6.1.4.1.14519.5.2.1.3320.3273.156629118601455329618966384795,137.947152,261,None,1.3.6.1.4.1.5962.99.1.274291222.1413594330.1640951831062.2.0,226.318398
cptac_pda,C3N-03000,1.3.6.1.4.1.14519.5.2.1.3320.3273.181890433388041338517707398823,260.993406,495,ZYLNA F.,1.3.6.1.4.1.5962.99.1.273372546.2114030770.1640950912386.2.0,122.809738
cptac_pda,C3N-03007,1.3.6.1.4.1.14519.5.2.1.3320.3273.259923803904486670563181419767,68.720842,130,None,1.3.6.1.4.1.5962.99.1.277735745.1352741616.1640955275585.2.0,121.007182
cptac_pda,C3N-03039,1.3.6.1.4.1.14519.5.2.1.4801.5885.148674873876145309912877586625,272.35126,515,Panc. Arterial - Venous phase,1.3.6.1.4.1.5962.99.1.275221924.589709048.1640952761764.2.0,188.231612
cptac_pda,C3N-03426,1.3.6.1.4.1.14519.5.2.1.3320.3273.421231882053519563432242753602,304.589562,576,None,1.3.6.1.4.1.5962.99.1.277930169.1864005011.1640955470009.2.0,306.209614
cptac_pda,C3N-03430,1.3.6.1.4.1.14519.5.2.1.3320.3273.191010445987959156649751088418,236.39143,448,None,1.3.6.1.4.1.5962.99.1.277200173.122264299.1640954740013.2.0,166.294074
cptac_pda,C3N-03670,1.3.6.1.4.1.14519.5.2.1.3320.3273.834423396903826375271905176952,510.56381,967,None,1.3.6.1.4.1.5962.99.1.278923696.1582148345.1640956463536.2.0,179.48546
cptac_pda,C3N-03754,1.3.6.1.4.1.14519.5.2.1.3320.3273.287159109345346317839982207085,346.821394,656,None,1.3.6.1.4.1.5962.99.1.273427200.1902868279.1640950967040.2.0,146.088678
cptac_sar,C3L-01038,1.3.6.1.4.1.14519.5.2.1.2692.1975.309647416951689688944157742161,142.388446,270,None,1.3.6.1.4.1.5962.99.1.284817083.1960291014.1640962356923.2.0,358.445348
cptac_sar,C3L-01466,1.3.6.1.4.1.14519.5.2.1.6450.2626.334646569062606076335169825816,114.247218,216,1.25 bone,1.3.6.1.4.1.5962.99.1.281728858.1872735835.1640959268698.2.0,97.82667
cptac_sar,C3L-01551,1.3.6.1.4.1.14519.5.2.1.6450.2626.456053652639947047218377533766,273.430762,517,DR 30%,1.3.6.1.4.1.5962.99.1.282203561.1213399211.1640959743401.2.0,165.95489
cptac_sar,C3L-02213,1.3.6.1.4.1.14519.5.2.1.6450.2626.513080958428116169325415236315,246.45229,466,DR 30%,1.3.6.1.4.1.5962.99.1.283983222.614409393.1640961523062.2.0,405.661488
cptac_sar,C3L-02846,1.3.6.1.4.1.14519.5.2.1.6450.2626.117868354873703837449359458621,100.733258,191,2X2 SAGITTAL,1.3.6.1.4.1.5962.99.1.284355827.1400072086.1640961895667.2.0,114.516434
cptac_sar,C3L-02851,1.3.6.1.4.1.14519.5.2.1.6450.2626.197058322133591139456424594254,47.55114,90,None,1.3.6.1.4.1.5962.99.1.283898014.620196613.1640961437854.2.0,192.847778
cptac_sar,C3L-03166,1.3.6.1.4.1.14519.5.2.1.6450.2626.184891134584963415076202607999,292.236394,553,Recon 3:,1.3.6.1.4.1.5962.99.1.280911050.1257903551.1640958450890.2.0,177.50829
cptac_sar,C3L-03196,1.3.6.1.4.1.14519.5.2.1.6450.2626.317463349440695752426098691515,262.749674,497,CHEST WITHOUT,1.3.6.1.4.1.5962.99.1.281654652.1819806555.1640959194492.2.0,199.976354
cptac_sar,C3L-03200,1.3.6.1.4.1.14519.5.2.1.6450.2626.190953155733832343148774918316,25.360568,48,None,1.3.6.1.4.1.5962.99.1.281444320.421046322.1640958984160.2.0,113.674316
cptac_sar,C3L-03953,1.3.6.1.4.1.14519.5.2.1.6450.2626.179595616993855143271833612536,219.49959,415,BONE 1.25 x 1.25,1.3.6.1.4.1.5962.99.1.282443603.659759721.1640959983443.2.0,89.25112
cptac_sar,C3L-03956,1.3.6.1.4.1.14519.5.2.1.6450.2626.188599651553484252067661686364,25.889762,49,None,1.3.6.1.4.1.5962.99.1.280963387.501317213.1640958503227.2.0,322.77471
cptac_sar,C3L-03960,1.3.6.1.4.1.14519.5.2.1.6450.2626.337824151026484945758278095265,110.503658,209,ABD PELVIS,1.3.6.1.4.1.5962.99.1.285256229.726954745.1640962796069.2.0,154.415698
cptac_sar,C3N-00843,1.3.6.1.4.1.14519.5.2.1.2932.1975.922915668169502508900381222487,467.307766,887,ARTERIAL PHASE,1.3.6.1.4.1.5962.99.1.283033983.246044004.1640960573823.2.0,317.590084
cptac_sar,C3N-00875,1.3.6.1.4.1.14519.5.2.1.3320.3273.193828570195012288011029757668,514.630252,975,CT WB  3.0  B30f,1.3.6.1.4.1.5962.99.1.283352305.674879227.1640960892145.2.0,253.862076
cptac_sar,C3N-01002,1.3.6.1.4.1.14519.5.2.1.3320.3273.178299816743119604143507382744,141.965588,269,Arterial Phase  1.5  I26f  3,1.3.6.1.4.1.5962.99.1.284348821.1390892088.1640961888661.2.0,70.166336
cptac_sar,C3N-03232,1.3.6.1.4.1.14519.5.2.1.2932.1975.256749960592074016578641330855,844.384998,714,ARTERIAL,1.3.6.1.4.1.5962.99.1.285233978.859759050.1640962773818.2.0,350.822158
cptac_sar,C3N-03489,1.3.6.1.4.1.14519.5.2.1.2932.1975.866658537737012692842765845404,217.292724,412,VEN Phase  2.0  B29f,1.3.6.1.4.1.5962.99.1.284273899.1281132374.1640961813739.2.0,525.61626
cptac_sar,C3N-04164,1.3.6.1.4.1.14519.5.2.1.2932.1975.180734568965526613991636824020,321.826304,609,+C,1.3.6.1.4.1.5962.99.1.285690327.502800304.1640963230167.2.0,1231.403942
cptac_ucec,C3L-00770,1.3.6.1.4.1.14519.5.2.1.6450.2626.161489383350795945691780745489,99.356674,188,Recon 2: ROUTINE  ABD,1.3.6.1.4.1.5962.99.1.291689415.1323149464.1640969229255.2.0,225.10776
cptac_ucec,C3L-00771,1.3.6.1.4.1.14519.5.2.1.6450.2626.272484581928429843642115418671,491.50221,931,THINS,1.3.6.1.4.1.5962.99.1.291340683.1792021587.1640968880523.2.0,225.615206
cptac_ucec,C3L-00938,1.3.6.1.4.1.14519.5.2.1.6450.2626.969722976888390674310134114140,142.744572,270,CHEST ABDOMEN PELVIS,1.3.6.1.4.1.5962.99.1.297701372.1798603377.1640975241212.2.0,214.957406
cptac_ucec,C3L-00947,1.3.6.1.4.1.14519.5.2.1.6450.2626.327558909074991063463587991976,120.20528,228,2X2 SAG AVG,1.3.6.1.4.1.5962.99.1.296505645.111836987.1640974045485.2.0,86.136134
cptac_ucec,C3L-00961,1.3.6.1.4.1.14519.5.2.1.6450.2626.156786667337295987911050927746,122.866758,233,2 x 2 sag,1.3.6.1.4.1.5962.99.1.291529057.1568794250.1640969068897.2.0,243.229052
cptac_ucec,C3L-00962,1.3.6.1.4.1.14519.5.2.1.6450.2626.322471325269951352237088102711,122.328318,232,2X2 SAG AVG,1.3.6.1.4.1.5962.99.1.298220019.1594243623.1640975759859.2.0,146.708788
cptac_ucec,C3L-01064,1.3.6.1.4.1.14519.5.2.1.1427.3273.144637688224797134336431869241,119.753874,227,SAGITTAL ABD PELVIS,1.3.6.1.4.1.5962.99.1.290509262.426396410.1640968049102.2.0,109.733722
cptac_ucec,C3L-01246,1.3.6.1.4.1.14519.5.2.1.6450.2626.517420893974796313971715865806,692.26229,1309,.625mm,1.3.6.1.4.1.5962.99.1.286503292.663926152.1640964043132.2.0,133.368816
cptac_ucec,C3L-01247,1.3.6.1.4.1.14519.5.2.1.6450.2626.163046506402133786636034775541,130.06197,246,2.5 SOFT LARGE FOV,1.3.6.1.4.1.5962.99.1.293029724.75821582.1640970569564.2.0,181.184636
cptac_ucec,C3L-01732,1.3.6.1.4.1.14519.5.2.1.6450.2626.285265055197066678933202443938,158.671602,300,Recon 3: DR 20%    12 MIN DELAYS A/P,1.3.6.1.4.1.5962.99.1.290272676.2067507835.1640967812516.2.0,145.199196
cptac_ucec,C3L-01744,1.3.6.1.4.1.14519.5.2.1.6450.2626.518726178582367110086052336055,408.608574,773,THINS FOR REFORMATTING,1.3.6.1.4.1.5962.99.1.297968130.1934700895.1640975507970.2.0,210.024738
cptac_ucec,C3L-01925,1.3.6.1.4.1.14519.5.2.1.1427.3273.813378453861235938898917458370,96.541954,183,SAGITTAL ABD PELVIS,1.3.6.1.4.1.5962.99.1.290861178.1811809483.1640968401018.2.0,85.72539
cptac_ucec,C3L-02399,1.3.6.1.4.1.14519.5.2.1.6450.2626.258402808745068412802305818302,125.314026,237,CAP LUNG 2.5MM,1.3.6.1.4.1.5962.99.1.287942924.1275514684.1640965482764.2.0,138.394366
cptac_ucec,C3L-02412,1.3.6.1.4.1.14519.5.2.1.200643296112163037849259250196314782056,123.16938,233,Abd Pelvis  3.0  I30f  1,1.3.6.1.4.1.5962.99.1.298587358.1941793617.1640976127198.2.0,200.07085
cptac_ucec,C3L-02744,1.3.6.1.4.1.14519.5.2.1.74919488492708134547701339668104450233,121.576992,230,Abd Pelvis  3.0  B20f,1.3.6.1.4.1.5962.99.1.286638496.1464145871.1640964178336.2.0,108.97283
cptac_ucec,C3L-02747,1.3.6.1.4.1.14519.5.2.1.83482909094763399077117589653879292435,161.663422,306,Chest/Abd/Pel soft tissue 3.0  B20f,1.3.6.1.4.1.5962.99.1.298451950.1986630662.1640975991790.2.0,167.100928
cptac_ucec,C3L-03467,1.3.6.1.4.1.14519.5.2.1.258263165244827197337557513607707312079,167.60855,317,CAP  3.0  Br40  1,1.3.6.1.4.1.5962.99.1.287137007.417276224.1640964676847.2.0,185.216298
cptac_ucec,C3L-05571,1.3.6.1.4.1.14519.5.2.1.1427.3273.596130983322388307506211498498,191.245804,220,Sagittal,1.3.6.1.4.1.5962.99.1.288552922.1326899007.1640966092762.2.0,121.763012
cptac_ucec,C3L-05848,1.3.6.1.4.1.14519.5.2.1.28509700494277134648249148934428245772,162.317468,307,CAP  3.0  I30f  1,1.3.6.1.4.1.5962.99.1.294132907.355524732.1640971672747.2.0,199.722912
cptac_ucec,C3L-05849,1.3.6.1.4.1.14519.5.2.1.119528714632631387886806837775630991253,531.782548,1006,AX THIN,1.3.6.1.4.1.5962.99.1.291020515.2083053108.1640968560355.2.0,278.347658
cptac_ucec,C3N-00520,1.3.6.1.4.1.14519.5.2.1.3320.3273.929804399886456909309980555112,204.300162,387,Venous Phase  1.5  B20f,1.3.6.1.4.1.5962.99.1.287697648.726095077.1640965237488.2.0,440.869656
cptac_ucec,C3N-00729,1.3.6.1.4.1.14519.5.2.1.7085.2626.989696767199546345786817779730,100.885054,142,ABD/PEL  3.0  30f SAGITTAL,1.3.6.1.4.1.5962.99.1.287375942.397594707.1640964915782.2.0,238.394976
cptac_ucec,C3N-00732,1.3.6.1.4.1.14519.5.2.1.7085.2626.102029758637413286556725475726,108.097202,205,<MPR Range[1]>,1.3.6.1.4.1.5962.99.1.289319597.1132041850.1640966859437.2.0,182.047542
cptac_ucec,C3N-00734,1.3.6.1.4.1.14519.5.2.1.7085.2626.843937073923484147625934797916,88.694322,168,ABD/PELVIS  3.0  B30f,1.3.6.1.4.1.5962.99.1.295711414.770279110.1640973251254.2.0,213.867774
cptac_ucec,C3N-00743,1.3.6.1.4.1.14519.5.2.1.4801.2626.137096055013071906585163945205,197.830002,374,40% ASIR,1.3.6.1.4.1.5962.99.1.293842086.233307751.1640971381926.2.0,458.741032
cptac_ucec,C3N-00866,1.3.6.1.4.1.14519.5.2.1.4801.2626.845109772944109489602334991058,279.37263,528,I+ NEPHRO/EXCRETORY PHASES,1.3.6.1.4.1.5962.99.1.291792631.1392519578.1640969332471.2.0,324.865004
cptac_ucec,C3N-00872,1.3.6.1.4.1.14519.5.2.1.3320.3273.291456967750141512790017382037,246.01425,466,Venous phase    1.5  I30f,1.3.6.1.4.1.5962.99.1.286525873.178973454.1640964065713.2.0,341.923666
cptac_ucec,C3N-01003,1.3.6.1.4.1.14519.5.2.1.3320.3273.117777317546309115661840185576,162.109924,307,Venous Phase  1.5  I26f  3,1.3.6.1.4.1.5962.99.1.296232850.128801245.1640973772690.2.0,116.649686
cptac_ucec,C3N-01008,1.3.6.1.4.1.14519.5.2.1.3320.3273.486700265798241010751241929313,178.444074,338,Venous phase    1.5  I30f,1.3.6.1.4.1.5962.99.1.286180933.1002802079.1640963720773.2.0,132.208988
cptac_ucec,C3N-01171,1.3.6.1.4.1.14519.5.2.1.3320.3273.177064806594578360939191297029,176.335238,334,Venous phase    1.5  I30f,1.3.6.1.4.1.5962.99.1.297879103.889227429.1640975418943.2.0,197.490764
cptac_ucec,C3N-01172,1.3.6.1.4.1.14519.5.2.1.3320.3273.871755324066958773758875417329,149.404886,283,Arterial phase    1.5  I30f,1.3.6.1.4.1.5962.99.1.294645618.1970714753.1640972185458.2.0,158.963534
cptac_ucec,C3N-01219,1.3.6.1.4.1.14519.5.2.1.2932.1975.872648728309144015978592244644,422.476336,801,Body 1.0,1.3.6.1.4.1.5962.99.1.290070161.1054453547.1640967610001.2.0,409.097256
cptac_ucec,C3N-01341,1.3.6.1.4.1.14519.5.2.1.3320.3273.714115906605005322599355697456,157.851236,299,Venous phase    1.5  I30f,1.3.6.1.4.1.5962.99.1.294456202.535280020.1640971996042.2.0,197.189348
cptac_ucec,C3N-01342,1.3.6.1.4.1.14519.5.2.1.3320.3273.105241146185381353714884851328,171.04513,324,Arterial phase    1.5  I30f,1.3.6.1.4.1.5962.99.1.292842728.388894336.1640970382568.2.0,201.912586
cptac_ucec,C3N-01344,1.3.6.1.4.1.14519.5.2.1.3320.3273.296373915419533557858428156267,209.050876,396,CT WB  3.0  B30f,1.3.6.1.4.1.5962.99.1.290706715.1248388517.1640968246555.2.0,178.82829
cptac_ucec,C3N-01346,1.3.6.1.4.1.14519.5.2.1.3320.3273.130644819815356697899228251012,169.988666,322,Venous phase    1.5  I30f,1.3.6.1.4.1.5962.99.1.295135054.2083668715.1640972674894.2.0,145.267186
cptac_ucec,C3N-01349,1.3.6.1.4.1.14519.5.2.1.3320.3273.130865347581265276519376328445,176.328528,334,Venous phase    1.5  I30f   iMAR,1.3.6.1.4.1.5962.99.1.294696215.754286837.1640972236055.2.0,142.003834
cptac_ucec,C3N-01510,1.3.6.1.4.1.14519.5.2.1.7085.2626.186575867312262391517337474433,79.813938,151,ABD/PEL  3.0  I40f  1,1.3.6.1.4.1.5962.99.1.290774135.2112660723.1640968313975.2.0,623.190082
cptac_ucec,C3N-01764,1.3.6.1.4.1.14519.5.2.1.3320.3273.100883504437912648962930649376,143.607856,272,Arterial phase    1.5  I30f,1.3.6.1.4.1.5962.99.1.291863193.1174813718.1640969403033.2.0,187.832306
cptac_ucec,C3N-01766,1.3.6.1.4.1.14519.5.2.1.3320.2626.335784080072446149947155308342,157.778432,299,Venous phase    1.5  I30f,1.3.6.1.4.1.5962.99.1.288476367.668002913.1640966016207.2.0,162.613608
cptac_ucec,C3N-01802,1.3.6.1.4.1.14519.5.2.1.7085.2626.304004672518821933835703147431,99.328704,188,CHEST  3.0  I40f  2,1.3.6.1.4.1.5962.99.1.296555186.1144999916.1640974095026.2.0,226.788436
cptac_ucec,C3N-01843,1.3.6.1.4.1.14519.5.2.1.2932.1975.187516008969764450540865330470,375.98515,713,Body 1.0 Arterial/Phase CE,1.3.6.1.4.1.5962.99.1.290248575.2114654277.1640967788415.2.0,250.683718
cptac_ucec,C3N-01871,1.3.6.1.4.1.14519.5.2.1.3320.3273.385678524150217067716064176755,179.495654,340,Arterial phase    1.5  I30f,1.3.6.1.4.1.5962.99.1.290013078.1048945984.1640967552918.2.0,193.511216
cptac_ucec,C3N-01874,1.3.6.1.4.1.14519.5.2.1.3320.3273.118863937993824093197541524758,172.101114,326,Venous phase    1.5  I30f,1.3.6.1.4.1.5962.99.1.288383524.895352795.1640965923364.2.0,339.026396
cptac_ucec,C3N-01875,1.3.6.1.4.1.14519.5.2.1.3320.3273.319788362065045285080486761673,144.65171,274,Venous phase    1.5  I30f,1.3.6.1.4.1.5962.99.1.292168040.1728983668.1640969707880.2.0,385.278134
cptac_ucec,C3N-01876,1.3.6.1.4.1.14519.5.2.1.3320.3273.117697860842469424285014938354,162.073712,307,Venous phase    1.5  I30f,1.3.6.1.4.1.5962.99.1.289381536.2072613275.1640966921376.2.0,267.034024
cptac_ucec,C3N-01877,1.3.6.1.4.1.14519.5.2.1.3320.3273.307218047122277972983213156423,146.23562,277,Venous phase    1.5  I30f,1.3.6.1.4.1.5962.99.1.288898889.1977389306.1640966438729.2.0,267.376506
cptac_ucec,C3N-01878,1.3.6.1.4.1.14519.5.2.1.3320.3273.640234065304537451421625306665,175.79392,333,Venous phase    1.5  I30f,1.3.6.1.4.1.5962.99.1.294294004.2083810189.1640971833844.2.0,353.844446
cptac_ucec,C3N-01879,1.3.6.1.4.1.14519.5.2.1.3320.3273.123230069945034298446153497640,144.135844,273,Arterial phase    1.5  I30f,1.3.6.1.4.1.5962.99.1.291975860.1194550476.1640969515700.2.0,186.624658
cptac_ucec,C3N-02012,1.3.6.1.4.1.14519.5.2.1.7085.2626.332985735863971146250365446365,79.99097,130,PELVIS  3.0  SPO  sag,1.3.6.1.4.1.5962.99.1.293937815.104794182.1640971477655.2.0,196.015788
cptac_ucec,C3N-02274,1.3.6.1.4.1.14519.5.2.1.3320.3273.506045613014235944704761201538,199.039178,377,Venous phase    1.5  I30f,1.3.6.1.4.1.5962.99.1.298077799.1864712549.1640975617639.2.0,188.980012
cptac_ucec,C3N-02298,1.3.6.1.4.1.14519.5.2.1.3320.3273.986866341203788050349457494811,155.221806,294,Venous phase    1.5  I30f,1.3.6.1.4.1.5962.99.1.295229367.924974938.1640972769207.2.0,112.242524
cptac_ucec,C3N-02436,1.3.6.1.4.1.14519.5.2.1.7085.2626.122609176912260142101104222441,117.786098,223,CAP  3.0  I40f  3,1.3.6.1.4.1.5962.99.1.295535490.699806827.1640973075330.2.0,477.969608
cptac_ucec,C3N-02437,1.3.6.1.4.1.14519.5.2.1.7085.2626.193484562015648878017813093611,152.446908,219,SAGITTALS,1.3.6.1.4.1.5962.99.1.289272682.1096183158.1640966812522.2.0,325.470242
cptac_ucec,C3N-02598,1.3.6.1.4.1.14519.5.2.1.3320.3273.145565382741666825828644416712,190.066628,360,KLP+CM  1.5  I31f,1.3.6.1.4.1.5962.99.1.292125376.1558534832.1640969665216.2.0,289.730748
cptac_ucec,C3N-02632,1.3.6.1.4.1.14519.5.2.1.3320.3273.332358155840575253730099790575,173.173896,328,Venous phase    1.5  I30f,1.3.6.1.4.1.5962.99.1.291625213.615739519.1640969165053.2.0,258.809092
cptac_ucec,C3N-02635,1.3.6.1.4.1.14519.5.2.1.3320.3273.271353680951619751250541259686,170.53148,323,Venous phase    1.5  I30f,1.3.6.1.4.1.5962.99.1.295972912.282112452.1640973512752.2.0,385.977204
cptac_ucec,C3N-02637,1.3.6.1.4.1.14519.5.2.1.3320.3273.495307898587297361726107335098,210.133454,398,Venous phase    1.5  I30f,1.3.6.1.4.1.5962.99.1.288726939.1815000840.1640966266779.2.0,266.042584
cptac_ucec,C3N-02639,1.3.6.1.4.1.14519.5.2.1.3320.3273.161499147737869146326915498612,170.004804,322,Venous phase    1.5  I30f,1.3.6.1.4.1.5962.99.1.289713579.2146219975.1640967253419.2.0,303.364358
cptac_ucec,C3N-02678,1.3.6.1.4.1.14519.5.2.1.3320.3273.142683683371778425569731126193,134.624682,255,Venous phase    1.5  I30f,1.3.6.1.4.1.5962.99.1.291069556.1354208983.1640968609396.2.0,285.27036
cptac_ucec,C3N-02789,1.3.6.1.4.1.14519.5.2.1.7085.2626.889561230000331448041302062296,95.929686,182,<MPR Range[3]>,1.3.6.1.4.1.5962.99.1.295077218.1699532439.1640972617058.2.0,125.870622
cptac_ucec,C3N-02947,1.3.6.1.4.1.14519.5.2.1.7085.2626.338235059497711806423177660850,82.410522,156,ABD/PEL  3.0  I40f  1,1.3.6.1.4.1.5962.99.1.293326654.218564412.1640970866494.2.0,365.007552
cptac_ucec,C3N-02972,1.3.6.1.4.1.14519.5.2.1.7085.2626.238244167835518240286424305059,118.406664,215,SAGITTALS,1.3.6.1.4.1.5962.99.1.294923680.296521884.1640972463520.2.0,215.583246
cptac_ucec,C3N-02976,1.3.6.1.4.1.14519.5.2.1.3320.3273.108379031344864832689867042362,136.74278,259,Venous phase    1.5  I30f,1.3.6.1.4.1.5962.99.1.298553764.1838496171.1640976093604.2.0,188.61555
cptac_ucec,C3N-02978,1.3.6.1.4.1.14519.5.2.1.3320.3273.574298522092461435519224668739,181.555434,344,Venous phase    1.5  I30f,1.3.6.1.4.1.5962.99.1.293424117.1085962729.1640970963957.2.0,213.720144
cptac_ucec,C3N-02979,1.3.6.1.4.1.14519.5.2.1.3320.3273.136466896418050781700942594559,146.77321,278,Venous phase    1.5  I30f,1.3.6.1.4.1.5962.99.1.293560624.1451731827.1640971100464.2.0,306.732474
cptac_ucec,C3N-03005,1.3.6.1.4.1.14519.5.2.1.3320.3273.324542133525302467986266813043,165.718952,314,Venous phase    1.5  I30f,1.3.6.1.4.1.5962.99.1.288754145.737563624.1640966293985.2.0,309.742462
cptac_ucec,C3N-03044,1.3.6.1.4.1.14519.5.2.1.4801.5885.313411456295045317483414249842,320.039788,605,C/A/P/ 40 ASIR,1.3.6.1.4.1.5962.99.1.292067241.609877582.1640969607081.2.0,256.886004
cptac_ucec,C3N-03415,1.3.6.1.4.1.14519.5.2.1.3320.2626.244868308129263620479773835763,124.003266,235,Venous phase    1.5  I30f,1.3.6.1.4.1.5962.99.1.290279875.2099063370.1640967819715.2.0,235.14891
cptac_ucec,C3N-03417,1.3.6.1.4.1.14519.5.2.1.3320.3273.151410156790542910713142557655,145.138202,275,Arterial phase    1.5  I30f,1.3.6.1.4.1.5962.99.1.289832325.1467951900.1640967372165.2.0,172.409858
cptac_ucec,C3N-03767,1.3.6.1.4.1.14519.5.2.1.3320.3273.786999274952462621466700371361,166.246356,315,Venous phase    1.5  I30f,1.3.6.1.4.1.5962.99.1.296373880.1897541401.1640973913720.2.0,325.83212
